{
  "training_date": "2025-12-08T19:34:13.909041",
  "dataset_size": 63960,
  "models_trained": [
    "lstm",
    "arima",
    "random_forest"
  ],
  "metrics": {
    "lstm": {
      "mae": 197.44892844807558,
      "rmse": 255.69269747820672,
      "r2": 0.7811779669738679,
      "mape": 12.741054435019903
    },
    "arima": {
      "mae": 960.7637552663128,
      "rmse": 1061.5461913970978,
      "r2": -2.7806646009945717,
      "mape": 52.6356726798481
    },
    "random_forest": {
      "mae": 0.0,
      "rmse": 0.0,
      "r2": 1.0,
      "accuracy": 100.0
    }
  }
}